{'title': "Gold's Gym", 'rating': '4.7', 'address': '8th Floor, Ring Road Mall, Rohini Sector 3, Delhi - 110085', 'phone': ['9152650041']}
opening Link....
{'title': 'Allover Fitness Freak', 'rating': '4.9', 'address': 'Poket No-8B, Sec-19, Plot No-3, Rohini Sector 19, Delhi - 110089 (Near Saroj Hospital)', 'phone': ['9152609025']}
opening Link....
{'title': 'Cross X Fit', 'rating': '5.0', 'address': 'Y5 Gali, Budh Vihar Phase 1, Delhi - 110086 (Near Shukar Bazar Road)', 'phone': ['9152651828']}
opening Link....
{'title': 'Millennium Gym', 'rating': '3.8', 'address': 'F 19/18, First Floor, Rohini Sector 8, Delhi - 110085 (Near M2K Red Light)', 'phone': ['9152415636']}
opening Link....
{'title': "Gold's Gym", 'rating': '4.1', 'address': 'Manglam Paradise Mall, Lower Ground Floor, Mangalam Palace, Rohini Sector 3, Delhi - 110085', 'phone': ['011-41729225', '09599887818']}
opening Link....
{'title': 'RDX The Fitness Explosion', 'rating': '4.0', 'address': '1st Floor, Amba Tower, Rohini Sector 9, Delhi - 110085 (Near D C Chowk)', 'phone': ['011-47045242', '011-47045243', '09310267475']}
opening Link....
{'title': 'Bmw Gym & Swimming Pool', 'rating': '3.9', 'address': 'Sewa Road, Rohini Sector 8, Delhi - 110085 (Near Central School)', 'phone': ['011-45073291']}
opening Link....
{'title': 'Ozone Fitness N Spa', 'rating': '3.8', 'address': '23 N W A, Club Road, Punjabi Bagh, Delhi - 110026', 'phone': ['9152477504']}
opening Link....
{'title': 'Iron Bar Fitness & Spa', 'rating': '4.8', 'address': 'A-21, Pushpanjali, Pitampura, Delhi - 110034', 'phone': ['9152767435']}
opening Link....
{'title': 'MEGA FITNESS CLUB', 'rating': '4.2', 'address': 'A-15, SHUBHAM ENCLAVE, Paschim Vihar, Delhi - 110063 (NEAR BHERA ENCLAVE CIRCLE)', 'phone': ['9152461435']}
opening Link....
{'title': 'Pacific Sports Complex', 'rating': '3.9', 'address': 'B Block, Andrews Ganj, Delhi - 110049 (Near Central School)', 'phone': ['011-26452747', '011-26452748', '09211783333', '09211784444']}
opening Link....
{'title': 'Fitness Box', 'rating': '4.3', 'address': '3rd Floor, Sab Mall, Noida Sector 27, Noida - 201301', 'phone': ['9152488941']}
opening Link....
{'title': "Gold's Gym", 'rating': '4.0', 'address': 'E/16/B 2, 2nd Floor, Kirtiman Plaza, Noida Sector 30, Noida - 201303 (Near NMC Hospital)', 'phone': ['9152450928']}
opening Link....
{'title': "Gold's Gym", 'rating': '3.9', 'address': '9, Dayanand Vihar-anand Vihar, Delhi - 110092 (Above Platinum Diagnostics)', 'phone': ['9152499757']}
opening Link....
{'title': 'Universe Health Club', 'rating': '4.6', 'address': 'B 118, Old Post Office Street Main Market, Shakarpur, Delhi - 110092 (Opposite Laundry Express)', 'phone': ['9152705905']}
opening Link....
{'title': "Gold's Gym", 'rating': '4.1', 'address': 'Gaur Grauity Mall 8, Indirapuram, Ghaziabad - 201014 (Vaibhav Khand Kala Pathar Chowk,Below Sagar Ratna Restaurant)', 'phone': ['9152470680']}
opening Link....
{'title': "Gold's Gym", 'rating': '3.9', 'address': 'Maharani Bagh Community Center, At 1, Maharani Bagh, Delhi - 110065 (Central Avenue)', 'phone': ['9152430920']}
opening Link....
{'title': 'Pulse Gym', 'rating': '4.2', 'address': 'A 45 3rd Floor, Vishal Enclave, Rajouri Garden, Delhi - 110027 (Opposite TDI MALL)', 'phone': ['9152488940']}
opening Link....
{'title': 'Anytime Fitness', 'rating': '3.9', 'address': 'M 64, 2nd and 3rd Floor, M Block Market, Greater Kailash 2, Delhi - 110048 (Near 24X7)', 'phone': ['9152464447']}
opening Link....
{'title': 'F N F Gym', 'rating': '4.6', 'address': 'C2/5, Lal Quotors, Krishna Nagar, Delhi - 110051', 'phone': ['9152442253']}
opening Link....
{'title': 'Pacific Sports Complex', 'rating': '3.9', 'address': 'B Block, Andrews Ganj, Delhi - 110049 (Near Central School)', 'phone': ['011-26452747', '011-26452748', '09211783333', '09211784444']}
opening Link....
{'title': 'Fitness Box', 'rating': '4.3', 'address': '3rd Floor, Sab Mall, Noida Sector 27, Noida - 201301', 'phone': ['9152488941']}
opening Link....
{'title': 'Sportsfit', 'rating': '4.4', 'address': 'Shop No CT1, CT2 3rd Floor, Aditya Mall, Indirapuram, Ghaziabad - 201014 (Above Big Bazar)', 'phone': ['9152454088']}
opening Link....
{'title': 'Barbarian Power Gym', 'rating': '3.4', 'address': 'SB-63 Second Floor, Indirapuram, Ghaziabad - 201014 (Jaipuria Mall, Ahinsha Khand)', 'phone': ['9152474231']}
opening Link....
{'title': 'Tk Get Fit Gym', 'rating': '4.8', 'address': '346, 2nd Floor, Indirapuram, Ghaziabad - 201014 (Opp. St. Teresa School)', 'phone': ['9152765028']}
opening Link....
{'title': 'Universal Gym', 'rating': '4.1', 'address': 'House No. 798, Sarasvati Vihar, Mg Road, Saraswati Vihar Gurgaon, Gurgaon - 122002 (Behind Sahara Mall)', 'phone': ['9152441317']}
opening Link....
{'title': 'Millennium Gym', 'rating': '3.8', 'address': 'F 19/18, First Floor, Rohini Sector 8, Delhi - 110085 (Near M2K Red Light)', 'phone': ['9152415636']}
opening Link....
{'title': "Gold's Gym", 'rating': '3.9', 'address': '9, Dayanand Vihar-anand Vihar, Delhi - 110092 (Above Platinum Diagnostics)', 'phone': ['9152499757']}
opening Link....
{'title': "Gold's Gym", 'rating': '4.0', 'address': 'E/16/B 2, 2nd Floor, Kirtiman Plaza, Noida Sector 30, Noida - 201303 (Near NMC Hospital)', 'phone': ['9152450928']}
opening Link....
{'title': "Gold's Gym", 'rating': '4.1', 'address': 'Gaur Grauity Mall 8, Indirapuram, Ghaziabad - 201014 (Vaibhav Khand Kala Pathar Chowk,Below Sagar Ratna Restaurant)', 'phone': ['9152470680']}
opening Link....
{'title': 'Pacific Sports Complex', 'rating': '3.9', 'address': 'B Block, Andrews Ganj, Delhi - 110049 (Near Central School)', 'phone': ['011-26452747', '011-26452748', '09211783333', '09211784444']}
opening Link....
{'title': 'Fitness Box', 'rating': '4.3', 'address': '3rd Floor, Sab Mall, Noida Sector 27, Noida - 201301', 'phone': ['9152488941']}
opening Link....
{'title': "Gold's Gym", 'rating': '3.9', 'address': '9, Dayanand Vihar-anand Vihar, Delhi - 110092 (Above Platinum Diagnostics)', 'phone': ['9152499757']}
opening Link....
{'title': "Gold's Gym", 'rating': '4.0', 'address': 'E/16/B 2, 2nd Floor, Kirtiman Plaza, Noida Sector 30, Noida - 201303 (Near NMC Hospital)', 'phone': ['9152450928']}
opening Link....
{'title': 'Universe Health Club', 'rating': '4.6', 'address': 'B 118, Old Post Office Street Main Market, Shakarpur, Delhi - 110092 (Opposite Laundry Express)', 'phone': ['9152705905']}
opening Link....
{'title': "Gold's Gym", 'rating': '4.1', 'address': 'Gaur Grauity Mall 8, Indirapuram, Ghaziabad - 201014 (Vaibhav Khand Kala Pathar Chowk,Below Sagar Ratna Restaurant)', 'phone': ['9152470680']}
opening Link....
{'title': "Gold's Gym", 'rating': '3.9', 'address': 'Maharani Bagh Community Center, At 1, Maharani Bagh, Delhi - 110065 (Central Avenue)', 'phone': ['9152430920']}
opening Link....
{'title': 'Anytime Fitness', 'rating': '3.9', 'address': 'M 64, 2nd and 3rd Floor, M Block Market, Greater Kailash 2, Delhi - 110048 (Near 24X7)', 'phone': ['9152464447']}
opening Link....
{'title': 'Sportsfit', 'rating': '4.4', 'address': 'Shop No CT1, CT2 3rd Floor, Aditya Mall, Indirapuram, Ghaziabad - 201014 (Above Big Bazar)', 'phone': ['9152454088']}
opening Link....
{'title': 'F N F Gym', 'rating': '4.6', 'address': 'C2/5, Lal Quotors, Krishna Nagar, Delhi - 110051', 'phone': ['9152442253']}
opening Link....
{'title': 'Pacific Sports Complex', 'rating': '3.9', 'address': 'B Block, Andrews Ganj, Delhi - 110049 (Near Central School)', 'phone': ['011-26452747', '011-26452748', '09211783333', '09211784444']}
opening Link....
{'title': 'Fitness Box', 'rating': '4.3', 'address': '3rd Floor, Sab Mall, Noida Sector 27, Noida - 201301', 'phone': ['9152488941']}
opening Link....
{'title': 'Sportsfit', 'rating': '4.4', 'address': 'Shop No CT1, CT2 3rd Floor, Aditya Mall, Indirapuram, Ghaziabad - 201014 (Above Big Bazar)', 'phone': ['9152454088']}
opening Link....
{'title': "Gold's Gym", 'rating': '3.9', 'address': '9, Dayanand Vihar-anand Vihar, Delhi - 110092 (Above Platinum Diagnostics)', 'phone': ['9152499757']}
opening Link....
{'title': 'Barbarian Power Gym', 'rating': '3.4', 'address': 'SB-63 Second Floor, Indirapuram, Ghaziabad - 201014 (Jaipuria Mall, Ahinsha Khand)', 'phone': ['9152474231']}
opening Link....
{'title': "Gold's Gym", 'rating': '4.0', 'address': 'E/16/B 2, 2nd Floor, Kirtiman Plaza, Noida Sector 30, Noida - 201303 (Near NMC Hospital)', 'phone': ['9152450928']}
opening Link....
{'title': 'Tk Get Fit Gym', 'rating': '4.8', 'address': '346, 2nd Floor, Indirapuram, Ghaziabad - 201014 (Opp. St. Teresa School)', 'phone': ['9152765028']}
opening Link....
{'title': 'Universe Health Club', 'rating': '4.6', 'address': 'B 118, Old Post Office Street Main Market, Shakarpur, Delhi - 110092 (Opposite Laundry Express)', 'phone': ['9152705905']}
opening Link....
{'title': "Gold's Gym", 'rating': '4.1', 'address': 'Gaur Grauity Mall 8, Indirapuram, Ghaziabad - 201014 (Vaibhav Khand Kala Pathar Chowk,Below Sagar Ratna Restaurant)', 'phone': ['9152470680']}
opening Link....
{'title': 'Universal Gym', 'rating': '4.1', 'address': 'House No. 798, Sarasvati Vihar, Mg Road, Saraswati Vihar Gurgaon, Gurgaon - 122002 (Behind Sahara Mall)', 'phone': ['9152441317']}
opening Link....
{'title': 'Millennium Gym', 'rating': '3.8', 'address': 'F 19/18, First Floor, Rohini Sector 8, Delhi - 110085 (Near M2K Red Light)', 'phone': ['9152415636']}
opening Link....
{'title': "Gold's Gym", 'rating': '3.9', 'address': 'Maharani Bagh Community Center, At 1, Maharani Bagh, Delhi - 110065 (Central Avenue)', 'phone': ['9152430920']}
opening Link....
{'title': 'F N F Gym', 'rating': '4.6', 'address': 'C2/5, Lal Quotors, Krishna Nagar, Delhi - 110051', 'phone': ['9152442253']}
opening Link....
{'title': 'Be Fit Gym', 'rating': '3.5', 'address': 'Rajdhani Complex First Floor, 100ft Road Sant Nagar, delhi - 110084 (Above Aqualite Showroom Near Main Bus Stand Sant Nagar)', 'phone': ['9152545449']}
opening Link....
{'title': 'Life Line Gym', 'rating': '3.9', 'address': 'K 28, Central Market, Lajpat Nagar 2, Delhi - 110024 (Near Vijay Sales, Central Market)', 'phone': ['9152953505']}
opening Link....
{'title': 'Anytime Fitness', 'rating': '3.9', 'address': 'M 64, 2nd and 3rd Floor, M Block Market, Greater Kailash 2, Delhi - 110048 (Near 24X7)', 'phone': ['9152464447']}
opening Link....
{'title': 'Good Health Fitness Factory', 'rating': '4.1', 'address': 'Shop F-01, Krishna Apra Market, Indirapuram, Ghaziabad - 201014 (Opposite Shipra Mall)', 'phone': ['9152435865']}
opening Link....
{'title': 'Sparta Gym & Spa', 'rating': '3.5', 'address': '1st Floor, Gurgaon - 122018 (Opposite to Raheja Mall and Carnival Cinema)', 'phone': ['9152581231']}
opening Link....
{'title': 'Anytime Fitness', 'rating': '4.6', 'address': 'Plot No-47, Community Centre, New Friends Colony, Delhi - 110025 (Above Hdfc Bank, Near Al Bake)', 'phone': ['9152628453']}
opening Link....
{'title': 'Athletique Fitness', 'rating': '4.7', 'address': '18-B, Ground Floor, Khirki Village, Malviya Nagar, Delhi - 110017 (Opposite Select Citywalk Saket)', 'phone': ['9152658506']}
opening Link....
{'title': 'Sportsfit', 'rating': '4.4', 'address': 'Shop No CT1, CT2 3rd Floor, Aditya Mall, Indirapuram, Ghaziabad - 201014 (Above Big Bazar)', 'phone': ['9152454088']}
opening Link....
{'title': 'Barbarian Power Gym', 'rating': '3.4', 'address': 'SB-63 Second Floor, Indirapuram, Ghaziabad - 201014 (Jaipuria Mall, Ahinsha Khand)', 'phone': ['9152474231']}
opening Link....
{'title': 'Millennium Gym', 'rating': '3.8', 'address': 'F 19/18, First Floor, Rohini Sector 8, Delhi - 110085 (Near M2K Red Light)', 'phone': ['9152415636']}
opening Link....
{'title': 'Universal Gym', 'rating': '4.1', 'address': 'House No. 798, Sarasvati Vihar, Mg Road, Saraswati Vihar Gurgaon, Gurgaon - 122002 (Behind Sahara Mall)', 'phone': ['9152441317']}
opening Link....
{'title': 'Tk Get Fit Gym', 'rating': '4.8', 'address': '346, 2nd Floor, Indirapuram, Ghaziabad - 201014 (Opp. St. Teresa School)', 'phone': ['9152765028']}
opening Link....
{'title': 'Life Line Gym', 'rating': '3.9', 'address': 'K 28, Central Market, Lajpat Nagar 2, Delhi - 110024 (Near Vijay Sales, Central Market)', 'phone': ['9152953505']}
opening Link....
{'title': 'Pulse Gym', 'rating': '4.2', 'address': 'A 45 3rd Floor, Vishal Enclave, Rajouri Garden, Delhi - 110027 (Opposite TDI MALL)', 'phone': ['9152488940']}
opening Link....
{'title': 'Be Fit Gym', 'rating': '3.5', 'address': 'Rajdhani Complex First Floor, 100ft Road Sant Nagar, delhi - 110084 (Above Aqualite Showroom Near Main Bus Stand Sant Nagar)', 'phone': ['9152545449']}
opening Link....
{'title': 'Neo Fitness Club', 'rating': '4.7', 'address': 'BSF Road Sector KP5, Extension, Noida - 201305 (Near DPS School , Near Ace City)', 'phone': ['09310080069', '09899888853', '09310080073']}
opening Link....
{'title': 'Body Lab', 'rating': '4.9', 'address': 'Lower Ground Floor, Omaxe Plaza, Indirapuram, Ghaziabad - 201014 (Omaxe Park)', 'phone': ['9152946661']}
opening Link....
{'title': 'Sportsfit', 'rating': '4.4', 'address': 'Shop No CT1, CT2 3rd Floor, Aditya Mall, Indirapuram, Ghaziabad - 201014 (Above Big Bazar)', 'phone': ['9152454088']}
opening Link....
{'title': 'Barbarian Power Gym', 'rating': '3.4', 'address': 'SB-63 Second Floor, Indirapuram, Ghaziabad - 201014 (Jaipuria Mall, Ahinsha Khand)', 'phone': ['9152474231']}
opening Link....
{'title': 'Millennium Gym', 'rating': '3.8', 'address': 'F 19/18, First Floor, Rohini Sector 8, Delhi - 110085 (Near M2K Red Light)', 'phone': ['9152415636']}
opening Link....
{'title': 'Tk Get Fit Gym', 'rating': '4.8', 'address': '346, 2nd Floor, Indirapuram, Ghaziabad - 201014 (Opp. St. Teresa School)', 'phone': ['9152765028']}
opening Link....
{'title': 'Universal Gym', 'rating': '4.1', 'address': 'House No. 798, Sarasvati Vihar, Mg Road, Saraswati Vihar Gurgaon, Gurgaon - 122002 (Behind Sahara Mall)', 'phone': ['9152441317']}
opening Link....
{'title': 'Life Line Gym', 'rating': '3.9', 'address': 'K 28, Central Market, Lajpat Nagar 2, Delhi - 110024 (Near Vijay Sales, Central Market)', 'phone': ['9152953505']}
opening Link....
{'title': 'Be Fit Gym', 'rating': '3.5', 'address': 'Rajdhani Complex First Floor, 100ft Road Sant Nagar, delhi - 110084 (Above Aqualite Showroom Near Main Bus Stand Sant Nagar)', 'phone': ['9152545449']}
opening Link....
{'title': 'Fitness Box', 'rating': '4.3', 'address': '3rd Floor, Sab Mall, Noida Sector 27, Noida - 201301', 'phone': ['9152488941']}
opening Link....
{'title': 'Pulse Gym', 'rating': '4.2', 'address': 'A 45 3rd Floor, Vishal Enclave, Rajouri Garden, Delhi - 110027 (Opposite TDI MALL)', 'phone': ['9152488940']}
opening Link....
{'title': 'Neo Fitness Club', 'rating': '4.7', 'address': 'BSF Road Sector KP5, Extension, Noida - 201305 (Near DPS School , Near Ace City)', 'phone': ['09310080069', '09899888853', '09310080073']}
opening Link....
{'title': 'Sportsfit', 'rating': '4.4', 'address': 'Shop No CT1, CT2 3rd Floor, Aditya Mall, Indirapuram, Ghaziabad - 201014 (Above Big Bazar)', 'phone': ['9152454088']}
opening Link....
{'title': 'Barbarian Power Gym', 'rating': '3.4', 'address': 'SB-63 Second Floor, Indirapuram, Ghaziabad - 201014 (Jaipuria Mall, Ahinsha Khand)', 'phone': ['9152474231']}
opening Link....
{'title': 'Millennium Gym', 'rating': '3.8', 'address': 'F 19/18, First Floor, Rohini Sector 8, Delhi - 110085 (Near M2K Red Light)', 'phone': ['9152415636']}
opening Link....
{'title': 'Tk Get Fit Gym', 'rating': '4.8', 'address': '346, 2nd Floor, Indirapuram, Ghaziabad - 201014 (Opp. St. Teresa School)', 'phone': ['9152765028']}
opening Link....
{'title': 'Universal Gym', 'rating': '4.1', 'address': 'House No. 798, Sarasvati Vihar, Mg Road, Saraswati Vihar Gurgaon, Gurgaon - 122002 (Behind Sahara Mall)', 'phone': ['9152441317']}
opening Link....
{'title': 'Life Line Gym', 'rating': '3.9', 'address': 'K 28, Central Market, Lajpat Nagar 2, Delhi - 110024 (Near Vijay Sales, Central Market)', 'phone': ['9152953505']}
opening Link....
{'title': 'Pulse Gym', 'rating': '4.2', 'address': 'A 45 3rd Floor, Vishal Enclave, Rajouri Garden, Delhi - 110027 (Opposite TDI MALL)', 'phone': ['9152488940']}
opening Link....
{'title': 'Be Fit Gym', 'rating': '3.5', 'address': 'Rajdhani Complex First Floor, 100ft Road Sant Nagar, delhi - 110084 (Above Aqualite Showroom Near Main Bus Stand Sant Nagar)', 'phone': ['9152545449']}
opening Link....
{'title': 'Neo Fitness Club', 'rating': '4.7', 'address': 'BSF Road Sector KP5, Extension, Noida - 201305 (Near DPS School , Near Ace City)', 'phone': ['09310080069', '09899888853', '09310080073']}
opening Link....
{'title': 'Body Lab', 'rating': '4.9', 'address': 'Lower Ground Floor, Omaxe Plaza, Indirapuram, Ghaziabad - 201014 (Omaxe Park)', 'phone': ['9152946661']}
opening Link....
{'title': 'Anytime Fitness', 'rating': '4.0', 'address': 'Habitat Centre, Second Floor, Ahinsa Khand 1, Indirapuram, Ghaziabad - 201014 (Near Shipra Mall)', 'phone': ['9152431093']}
opening Link....
{'title': 'My Gym & Spa', 'rating': '4.1', 'address': '2nd Floor, CMC Market, Main Dadri Road, Noida Sector 49, Noida - 201304 (Above Union Bank)', 'phone': ['9152473471']}
opening Link....
{'title': 'Universal Gym', 'rating': '0.5', 'address': 'R-4, 2nd floor, Galleria market, Galleria DLF IV, Gurgaon - 122009 (Near cross point mall)', 'phone': ['9152393480']}
opening Link....
{'title': 'Sports Fit By M S Dhoni', 'rating': '3.7', 'address': 'F-647, Dwarka, Delhi - 110075 (Near Sec 7 Near Honda Showroom, Palam Extension)', 'phone': ['9152550263']}
opening Link....
{'title': 'Club 4 Extreme', 'rating': '3.7', 'address': 'A-4, Main 100 Foota Road, Chajjupur-Shahdara, Delhi - 110032 (Near Rajiv Bajaj Showroom)', 'phone': ['9152488053']}
opening Link....
{'title': 'Cure Fitness', 'rating': '4.6', 'address': 'H1A- 2&3 floor, zoravar tower, Kalkaji, Delhi - 110019 (Weendys)', 'phone': ['9152845324']}
opening Link....
{'title': "Gold's Gym", 'rating': '4.0', 'address': 'E/16/B 2, 2nd Floor, Kirtiman Plaza, Noida Sector 30, Noida - 201303 (Near NMC Hospital)', 'phone': ['9152450928']}
opening Link....
{'title': 'The Crypt', 'rating': '5.0', 'address': 'Sadana Tower, Sector 66, Sector 62 Noida, Noida Sector 66, Noida - 201307 (R K Public School)', 'phone': ['09711070555']}
opening Link....
{'title': 'Milestone Gym Cafe', 'rating': '4.4', 'address': 'C-29A First Floor, Vijay Nagar, Single Storie, Kingsway Camp, Delhi - 110009 (Opposite Mcd Dispencery, Above HDFC Bank,Vijay Nagar, Single Storey)', 'phone': ['9152937935']}
opening Link....
{'title': 'Strength The Gym Spa', 'rating': '4.5', 'address': 'A-151, Ganesh Nagar, Tilak Nagar, Delhi - 110018 (Opposite to Vijay Bank and Near Central Hospital)', 'phone': ['011-45721707', '09968681007']}
opening Link....
{'title': 'Yogashram And Natural Health Care Centre', 'rating': '4.5', 'address': '1, R K Puram, Delhi - 110022 (Near Vasant Place Market, Sector 6)', 'phone': ['9152223995']}
opening Link....
{'title': 'No Limits Fitness Gym & Spa', 'rating': '3.8', 'address': 'First Floor, Manish Metro Plaza, Pocket -5, Plot No.1, Dwarka Sector 12, delhi - 110078 (At K.M. Chowk)', 'phone': ['09811666014', '09315198980']}
opening Link....
{'title': 'Ampower Fitness', 'rating': '4.0', 'address': 'BP-A-Bangalaw, First Floor, Malka Ganj, Delhi - 110007 (Opposite Hansraj College)', 'phone': ['9152417461']}
opening Link....
{'title': 'Anytime Fitness', 'rating': '4.5', 'address': '882 2nd Floor, East Park Road, Karol Bagh, Delhi - 110005', 'phone': ['08070620620', '08070610610']}
opening Link....
{'title': 'The Revolution Fitness', 'rating': '4.9', 'address': 'Plot No C-4, 1st Floor, Vasundhara Sector 13, Ghaziabad - 201012 (Near Jaipuria School,Mittal Arcade)', 'phone': ['9152916623']}
opening Link....
{'title': 'Cardio Prime Gym', 'rating': '4.0', 'address': 'A-4, IInd and IIIrd Floor, Mayur Vihar Phase 1, Delhi - 110091', 'phone': ['9152392382']}
opening Link....
{'title': 'Strive Fitness Studio', 'rating': '4.5', 'address': 'B7/114 A, Safdarjung Enclave, Delhi - 110029 (Near JRD Hotel)', 'phone': ['9152835820']}
opening Link....
{'title': 'Ms Fitness Club', 'rating': '4.9', 'address': 'House No. 219 B - 331, Abdul Fazal Enclave Nai Basti Gali No. 2, Jamia Nagar, Delhi - 110025 (Near By Jamia Nagar Thana)', 'phone': ['9152839868']}
opening Link....
{'title': 'One On One Gym', 'rating': '3.8', 'address': 'A431, Sarpanch Market, Block C 1, New Ashok Nagar, Delhi - 110096', 'phone': ['9152689877']}
opening Link....
{'title': 'Ozone Fitness N Spa', 'rating': '3.8', 'address': '23 N W A, Club Road, Punjabi Bagh, Delhi - 110026', 'phone': ['9152477504']}
opening Link....
{'title': 'Fitness Box', 'rating': '4.2', 'address': 'Plot Number-413, Neelkhant Hospital Road, DLF City Phase 3, Gurgaon - 122010 (Near Canara Bank Ch. Tota Ram Chowk)', 'phone': ['9152176355']}
opening Link....
{'title': 'Torq Fitness', 'rating': '4.2', 'address': '31, Satnam Park, Bhagat Singh Road, Chander Nagar, Krishna Nagar, Delhi - 110051', 'phone': ['9152839958']}
opening Link....
{'title': 'Ch Mawasi Fitness Club', 'rating': '4.6', 'address': 'A1, Mawasi Palace Mawasi Colony, Sarita Vihar, Delhi - 110076 (Near GD Goingka School)', 'phone': ['09711191158']}
opening Link....
{'title': 'Pacific Sports Complex', 'rating': '3.9', 'address': 'B Block, Andrews Ganj, Delhi - 110049 (Near Central School)', 'phone': ['011-26452747', '011-26452748', '09211783333', '09211784444']}
opening Link....
{'title': 'Sanjay Fitness 24', 'rating': '4.9', 'address': 'Near Jaypee, Village Bazidpur, Noida Sector 130, Noida - 201304 (Opp- Obc Bank)', 'phone': ['9152130480']}
opening Link....
{'title': 'Fitness Studio India', 'rating': '4.3', 'address': 'D-48, South City 2, Gurgaon - 122018 (Near D Block Market Mother Dairy)', 'phone': ['9152599492']}
opening Link....
{'title': 'Universe Health Club', 'rating': '4.6', 'address': 'B 118, Old Post Office Street Main Market, Shakarpur, Delhi - 110092 (Opposite Laundry Express)', 'phone': ['9152705905']}
opening Link....
{'title': 'Anytime Fitness (Rajouri Garden)', 'rating': '3.7', 'address': 'FC-1 TDI Mall 3rd Floor, Rajouri Garden, Delhi - 110027 (Near Vishal Cinema)', 'phone': ['9152504287']}
opening Link....
{'title': "Gold's Gym", 'rating': '3.9', 'address': '9, Dayanand Vihar-anand Vihar, Delhi - 110092 (Above Platinum Diagnostics)', 'phone': ['9152499757']}
opening Link....
{'title': 'Battlefield The Fitness Club', 'rating': '4.5', 'address': 'plot no 2, 3rd floor, dwarka sector 12a, Dwarka Sector 12, Delhi - 110078 (near by baal bharti public school)', 'phone': ['9152465034']}
opening Link....
{'title': 'Athlete Gym Crossfit & Spa', 'rating': '4.5', 'address': '1026/1, Railway Road, Gurgaon Sector 5, Gurgaon - 122001 (Mata Chint Poorni Mandir)', 'phone': ['9152723671']}
opening Link....
{'title': 'Sweat Studio Gym', 'rating': '4.7', 'address': 'E-147, Saket, Delhi - 110017 (Near By Anoopam PVR)', 'phone': ['9152757726']}
opening Link....
{'title': 'Wolfpack Fitness', 'rating': '3.5', 'address': '7th Floor, Sunrise Tower, Commercial Belt, Alpha 1-greater Noida, Noida - 201310 (Near By Vijay Sales)', 'phone': ['9152337420']}
opening Link....
{'title': 'Elite Fitness', 'rating': '3.8', 'address': '45, First Floor, Maharishi Dayanand Marg, Corner Market, Malviya Nagar, Delhi - 110017 (Near Panchshila Rendezvous)', 'phone': ['9152391602']}
opening Link....
{'title': 'Dnd Fiitness Gym', 'rating': '5.0', 'address': 'Ko 03/04 Placio Road, Sector 126, Noida - 201303 (Gate No 2A Amity Universty)', 'phone': ['9152488983']}
opening Link....
{'title': 'Anytime Fitness', 'rating': '3.9', 'address': 'M 64, 2nd and 3rd Floor, M Block Market, Greater Kailash 2, Delhi - 110048 (Near 24X7)', 'phone': ['9152464447']}
opening Link....
{'title': 'Red Rocks Gym', 'rating': '4.2', 'address': '2nd Floor, Shopprix Mall, Vaishali Sector 5, Ghaziabad - 201010', 'phone': ['9152846242']}
opening Link....
{'title': 'Cuboco Fitness Centre', 'rating': '4.7', 'address': '56/43 basement, West Punjabi Bagh, Delhi - 110026 (Near central market)', 'phone': ['9152431871']}
opening Link....
{'title': 'Fitness Studio', 'rating': '4.5', 'address': 'B-9, ASHOK NAGAR, Ashok Nagar Ghaziabad, Ghaziabad - 201001 (NASIR PUR CROSSING)', 'phone': ['9152894296']}
opening Link....
{'title': 'Anytime Fitness', 'rating': '4.0', 'address': '23/14, First Floor, East Patel Nagar, Delhi - 110008 (Near Main Market)', 'phone': ['09999952972', '08800889718', '09811122872']}
opening Link....
{'title': 'Fitbee Fitness', 'rating': '4.9', 'address': '8th Floor, Tradex Tower 2, Alpha 1-Greater Noida, Noida - 201310 (Commercial Belt)', 'phone': ['9152643677']}